{
"apiVersion": "V2",
"assemblies": [
{
  "files": [
    {
      "filePath": "assembly_data_report.jsonl",
      "fileType": "DATA_REPORT",
      "uncompressedLengthBytes": "278918"
    }
  ]
},{
  "accession": "GCA_000002415.2",
  "files": [
    {
      "filePath": "GCA_000002415.2/genomic.gbff",
      "fileType": "GENBANK_FLAT_FILE",
      "uncompressedLengthBytes": "50593963"
    },
    {
      "filePath": "GCA_000002415.2/GCA_000002415.2_ASM241v2_genomic.fna",
      "fileType": "GENOMIC_NUCLEOTIDE_FASTA",
      "uncompressedLengthBytes": "27582710"
    },
    {
      "filePath": "GCA_000002415.2/genomic.gff",
      "fileType": "GFF3",
      "uncompressedLengthBytes": "11285663"
    }
  ]
},{
  "accession": "GCA_000006355.3",
  "files": [
    {
      "filePath": "GCA_000006355.3/genomic.gbff",
      "fileType": "GENBANK_FLAT_FILE",
      "uncompressedLengthBytes": "38752621"
    },
    {
      "filePath": "GCA_000006355.3/GCA_000006355.3_GCA_000006355.2_genomic.fna",
      "fileType": "GENOMIC_NUCLEOTIDE_FASTA",
      "uncompressedLengthBytes": "24719234"
    },
    {
      "filePath": "GCA_000006355.3/genomic.gff",
      "fileType": "GFF3",
      "uncompressedLengthBytes": "4400168"
    }
  ]
},{
  "accession": "GCA_000321355.1",
  "files": [
    {
      "filePath": "GCA_000321355.1/genomic.gbff",
      "fileType": "GENBANK_FLAT_FILE",
      "uncompressedLengthBytes": "46276049"
    },
    {
      "filePath": "GCA_000321355.1/GCA_000321355.1_PcynB_1.0_genomic.fna",
      "fileType": "GENOMIC_NUCLEOTIDE_FASTA",
      "uncompressedLengthBytes": "26664070"
    },
    {
      "filePath": "GCA_000321355.1/genomic.gff",
      "fileType": "GFF3",
      "uncompressedLengthBytes": "9502241"
    }
  ]
},{
  "accession": "GCA_000725905.1",
  "files": [
    {
      "filePath": "GCA_000725905.1/genomic.gbff",
      "fileType": "GENBANK_FLAT_FILE",
      "uncompressedLengthBytes": "35650219"
    },
    {
      "filePath": "GCA_000725905.1/GCA_000725905.1_ASM72590v1_genomic.fna",
      "fileType": "GENOMIC_NUCLEOTIDE_FASTA",
      "uncompressedLengthBytes": "28182814"
    }
  ]
},{
  "accession": "GCA_001601855.1",
  "files": [
    {
      "filePath": "GCA_001601855.1/genomic.gbff",
      "fileType": "GENBANK_FLAT_FILE",
      "uncompressedLengthBytes": "37708308"
    },
    {
      "filePath": "GCA_001601855.1/GCA_001601855.1_ASM160185v1_genomic.fna",
      "fileType": "GENOMIC_NUCLEOTIDE_FASTA",
      "uncompressedLengthBytes": "20834379"
    },
    {
      "filePath": "GCA_001601855.1/genomic.gff",
      "fileType": "GFF3",
      "uncompressedLengthBytes": "11859326"
    }
  ]
},{
  "accession": "GCA_001602025.1",
  "files": [
    {
      "filePath": "GCA_001602025.1/genomic.gbff",
      "fileType": "GENBANK_FLAT_FILE",
      "uncompressedLengthBytes": "37779500"
    },
    {
      "filePath": "GCA_001602025.1/GCA_001602025.1_ASM160202v1_genomic.fna",
      "fileType": "GENOMIC_NUCLEOTIDE_FASTA",
      "uncompressedLengthBytes": "20718936"
    },
    {
      "filePath": "GCA_001602025.1/genomic.gff",
      "fileType": "GFF3",
      "uncompressedLengthBytes": "12275632"
    }
  ]
},{
  "accession": "GCA_001680005.1",
  "files": [
    {
      "filePath": "GCA_001680005.1/genomic.gbff",
      "fileType": "GENBANK_FLAT_FILE",
      "uncompressedLengthBytes": "43758419"
    },
    {
      "filePath": "GCA_001680005.1/GCA_001680005.1_ASM168000v1_genomic.fna",
      "fileType": "GENOMIC_NUCLEOTIDE_FASTA",
      "uncompressedLengthBytes": "28032715"
    },
    {
      "filePath": "GCA_001680005.1/genomic.gff",
      "fileType": "GFF3",
      "uncompressedLengthBytes": "12077229"
    }
  ]
},{
  "accession": "GCA_001715585.1",
  "files": [
    {
      "filePath": "GCA_001715585.1/genomic.gbff",
      "fileType": "GENBANK_FLAT_FILE",
      "uncompressedLengthBytes": "30977420"
    },
    {
      "filePath": "GCA_001715585.1/GCA_001715585.1_ASM171558v1_genomic.fna",
      "fileType": "GENOMIC_NUCLEOTIDE_FASTA",
      "uncompressedLengthBytes": "23556832"
    }
  ]
},{
  "accession": "GCA_014843675.1",
  "files": [
    {
      "filePath": "GCA_014843675.1/genomic.gbff",
      "fileType": "GENBANK_FLAT_FILE",
      "uncompressedLengthBytes": "39757459"
    },
    {
      "filePath": "GCA_014843675.1/GCA_014843675.1_ASM1484367v1_genomic.fna",
      "fileType": "GENOMIC_NUCLEOTIDE_FASTA",
      "uncompressedLengthBytes": "30452702"
    }
  ]
},{
  "accession": "GCA_014843685.1",
  "files": [
    {
      "filePath": "GCA_014843685.1/genomic.gbff",
      "fileType": "GENBANK_FLAT_FILE",
      "uncompressedLengthBytes": "39310898"
    },
    {
      "filePath": "GCA_014843685.1/GCA_014843685.1_ASM1484368v1_genomic.fna",
      "fileType": "GENOMIC_NUCLEOTIDE_FASTA",
      "uncompressedLengthBytes": "30266776"
    }
  ]
},{
  "accession": "GCA_014843935.1",
  "files": [
    {
      "filePath": "GCA_014843935.1/genomic.gbff",
      "fileType": "GENBANK_FLAT_FILE",
      "uncompressedLengthBytes": "38818180"
    },
    {
      "filePath": "GCA_014843935.1/GCA_014843935.1_ASM1484393v1_genomic.fna",
      "fileType": "GENOMIC_NUCLEOTIDE_FASTA",
      "uncompressedLengthBytes": "29904342"
    }
  ]
},{
  "accession": "GCA_014843945.1",
  "files": [
    {
      "filePath": "GCA_014843945.1/genomic.gbff",
      "fileType": "GENBANK_FLAT_FILE",
      "uncompressedLengthBytes": "39267548"
    },
    {
      "filePath": "GCA_014843945.1/GCA_014843945.1_ASM1484394v1_genomic.fna",
      "fileType": "GENOMIC_NUCLEOTIDE_FASTA",
      "uncompressedLengthBytes": "30228822"
    }
  ]
},{
  "accession": "GCA_019802405.2",
  "files": [
    {
      "filePath": "GCA_019802405.2/genomic.gbff",
      "fileType": "GENBANK_FLAT_FILE",
      "uncompressedLengthBytes": "28729350"
    },
    {
      "filePath": "GCA_019802405.2/GCA_019802405.2_PfCO01_seq_genomic.fna",
      "fileType": "GENOMIC_NUCLEOTIDE_FASTA",
      "uncompressedLengthBytes": "22925727"
    }
  ]
},{
  "accession": "GCA_019802415.2",
  "files": [
    {
      "filePath": "GCA_019802415.2/genomic.gbff",
      "fileType": "GENBANK_FLAT_FILE",
      "uncompressedLengthBytes": "29570174"
    },
    {
      "filePath": "GCA_019802415.2/GCA_019802415.2_Pf2004_genomic.fna",
      "fileType": "GENOMIC_NUCLEOTIDE_FASTA",
      "uncompressedLengthBytes": "23595638"
    }
  ]
},{
  "accession": "GCA_019802425.2",
  "files": [
    {
      "filePath": "GCA_019802425.2/genomic.gbff",
      "fileType": "GENBANK_FLAT_FILE",
      "uncompressedLengthBytes": "28741654"
    },
    {
      "filePath": "GCA_019802425.2/GCA_019802425.2_PfCO01_corrected_assembly_genomic.fna",
      "fileType": "GENOMIC_NUCLEOTIDE_FASTA",
      "uncompressedLengthBytes": "22928154"
    }
  ]
},{
  "accession": "GCA_019802515.2",
  "files": [
    {
      "filePath": "GCA_019802515.2/genomic.gbff",
      "fileType": "GENBANK_FLAT_FILE",
      "uncompressedLengthBytes": "27846767"
    },
    {
      "filePath": "GCA_019802515.2/GCA_019802515.2_PfKE07_genomic.fna",
      "fileType": "GENOMIC_NUCLEOTIDE_FASTA",
      "uncompressedLengthBytes": "22069873"
    }
  ]
},{
  "accession": "GCA_023845515.1",
  "files": [
    {
      "filePath": "GCA_023845515.1/genomic.gbff",
      "fileType": "GENBANK_FLAT_FILE",
      "uncompressedLengthBytes": "30968869"
    },
    {
      "filePath": "GCA_023845515.1/GCA_023845515.1_StPkA1H1_genomic.fna",
      "fileType": "GENOMIC_NUCLEOTIDE_FASTA",
      "uncompressedLengthBytes": "24623584"
    }
  ]
},{
  "accession": "GCA_023845535.1",
  "files": [
    {
      "filePath": "GCA_023845535.1/genomic.gbff",
      "fileType": "GENBANK_FLAT_FILE",
      "uncompressedLengthBytes": "31546930"
    },
    {
      "filePath": "GCA_023845535.1/GCA_023845535.1_PKCLINC048_genomic.fna",
      "fileType": "GENOMIC_NUCLEOTIDE_FASTA",
      "uncompressedLengthBytes": "25127190"
    }
  ]
},{
  "accession": "GCA_023845545.1",
  "files": [
    {
      "filePath": "GCA_023845545.1/genomic.gbff",
      "fileType": "GENBANK_FLAT_FILE",
      "uncompressedLengthBytes": "30772375"
    },
    {
      "filePath": "GCA_023845545.1/GCA_023845545.1_PKCLINC047_genomic.fna",
      "fileType": "GENOMIC_NUCLEOTIDE_FASTA",
      "uncompressedLengthBytes": "24480424"
    }
  ]
},{
  "accession": "GCA_023973825.1",
  "files": [
    {
      "filePath": "GCA_023973825.1/genomic.gbff",
      "fileType": "GENBANK_FLAT_FILE",
      "uncompressedLengthBytes": "48883643"
    },
    {
      "filePath": "GCA_023973825.1/GCA_023973825.1_ASM2397382v1_genomic.fna",
      "fileType": "GENOMIC_NUCLEOTIDE_FASTA",
      "uncompressedLengthBytes": "31806435"
    },
    {
      "filePath": "GCA_023973825.1/genomic.gff",
      "fileType": "GFF3",
      "uncompressedLengthBytes": "10843675"
    }
  ]
},{
  "accession": "GCA_024442135.1",
  "files": [
    {
      "filePath": "GCA_024442135.1/genomic.gbff",
      "fileType": "GENBANK_FLAT_FILE",
      "uncompressedLengthBytes": "34094916"
    },
    {
      "filePath": "GCA_024442135.1/GCA_024442135.1_ASM2444213v1_genomic.fna",
      "fileType": "GENOMIC_NUCLEOTIDE_FASTA",
      "uncompressedLengthBytes": "23600649"
    }
  ]
},{
  "accession": "GCA_032712205.1",
  "files": [
    {
      "filePath": "GCA_032712205.1/genomic.gbff",
      "fileType": "GENBANK_FLAT_FILE",
      "uncompressedLengthBytes": "27540312"
    },
    {
      "filePath": "GCA_032712205.1/GCA_032712205.1_ASM3271220v1_genomic.fna",
      "fileType": "GENOMIC_NUCLEOTIDE_FASTA",
      "uncompressedLengthBytes": "21984398"
    }
  ]
},{
  "accession": "GCA_036584725.1",
  "files": [
    {
      "filePath": "GCA_036584725.1/genomic.gbff",
      "fileType": "GENBANK_FLAT_FILE",
      "uncompressedLengthBytes": "46043975"
    },
    {
      "filePath": "GCA_036584725.1/GCA_036584725.1_Pgonderi_v2_iGEM_genomic.fna",
      "fileType": "GENOMIC_NUCLEOTIDE_FASTA",
      "uncompressedLengthBytes": "36682418"
    }
  ]
},{
  "accession": "GCA_043381365.1",
  "files": [
    {
      "filePath": "GCA_043381365.1/genomic.gbff",
      "fileType": "GENBANK_FLAT_FILE",
      "uncompressedLengthBytes": "28444033"
    },
    {
      "filePath": "GCA_043381365.1/GCA_043381365.1_ASM4338136v1_genomic.fna",
      "fileType": "GENOMIC_NUCLEOTIDE_FASTA",
      "uncompressedLengthBytes": "22705664"
    }
  ]
},{
  "accession": "GCA_043381415.1",
  "files": [
    {
      "filePath": "GCA_043381415.1/genomic.gbff",
      "fileType": "GENBANK_FLAT_FILE",
      "uncompressedLengthBytes": "28963756"
    },
    {
      "filePath": "GCA_043381415.1/GCA_043381415.1_ASM4338141v1_genomic.fna",
      "fileType": "GENOMIC_NUCLEOTIDE_FASTA",
      "uncompressedLengthBytes": "22890095"
    }
  ]
},{
  "accession": "GCA_050575225.1",
  "files": [
    {
      "filePath": "GCA_050575225.1/genomic.gbff",
      "fileType": "GENBANK_FLAT_FILE",
      "uncompressedLengthBytes": "28383195"
    },
    {
      "filePath": "GCA_050575225.1/GCA_050575225.1_Ps_SaoPaulo_genomic.fna",
      "fileType": "GENOMIC_NUCLEOTIDE_FASTA",
      "uncompressedLengthBytes": "22294273"
    }
  ]
},{
  "accession": "GCA_900002375.2",
  "files": [
    {
      "filePath": "GCA_900002375.2/genomic.gbff",
      "fileType": "GENBANK_FLAT_FILE",
      "uncompressedLengthBytes": "30678251"
    },
    {
      "filePath": "GCA_900002375.2/GCA_900002375.2_GCA_900002375_genomic.fna",
      "fileType": "GENOMIC_NUCLEOTIDE_FASTA",
      "uncompressedLengthBytes": "19017010"
    },
    {
      "filePath": "GCA_900002375.2/genomic.gff",
      "fileType": "GFF3",
      "uncompressedLengthBytes": "4074697"
    }
  ]
},{
  "accession": "GCA_900002395.1",
  "files": [
    {
      "filePath": "GCA_900002395.1/genomic.gbff",
      "fileType": "GENBANK_FLAT_FILE",
      "uncompressedLengthBytes": "36854190"
    },
    {
      "filePath": "GCA_900002395.1/GCA_900002395.1_PYYM01_genomic.fna",
      "fileType": "GENOMIC_NUCLEOTIDE_FASTA",
      "uncompressedLengthBytes": "22325014"
    },
    {
      "filePath": "GCA_900002395.1/genomic.gff",
      "fileType": "GFF3",
      "uncompressedLengthBytes": "5487797"
    }
  ]
},{
  "accession": "GCA_900005765.1",
  "files": [
    {
      "filePath": "GCA_900005765.1/genomic.gbff",
      "fileType": "GENBANK_FLAT_FILE",
      "uncompressedLengthBytes": "36508055"
    },
    {
      "filePath": "GCA_900005765.1/GCA_900005765.1_PRELSG_genomic.fna",
      "fileType": "GENOMIC_NUCLEOTIDE_FASTA",
      "uncompressedLengthBytes": "22951588"
    },
    {
      "filePath": "GCA_900005765.1/genomic.gff",
      "fileType": "GFF3",
      "uncompressedLengthBytes": "4285274"
    }
  ]
},{
  "accession": "GCA_900044335.1",
  "files": [
    {
      "filePath": "GCA_900044335.1/genomic.gbff",
      "fileType": "GENBANK_FLAT_FILE",
      "uncompressedLengthBytes": "31434249"
    },
    {
      "filePath": "GCA_900044335.1/GCA_900044335.1_PbK173_genomic.fna",
      "fileType": "GENOMIC_NUCLEOTIDE_FASTA",
      "uncompressedLengthBytes": "19111319"
    },
    {
      "filePath": "GCA_900044335.1/genomic.gff",
      "fileType": "GFF3",
      "uncompressedLengthBytes": "5282479"
    }
  ]
},{
  "accession": "GCA_900088445.1",
  "files": [
    {
      "filePath": "GCA_900088445.1/genomic.gbff",
      "fileType": "GENBANK_FLAT_FILE",
      "uncompressedLengthBytes": "30649907"
    },
    {
      "filePath": "GCA_900088445.1/GCA_900088445.1_PbNK65E_genomic.fna",
      "fileType": "GENOMIC_NUCLEOTIDE_FASTA",
      "uncompressedLengthBytes": "18742674"
    },
    {
      "filePath": "GCA_900088445.1/genomic.gff",
      "fileType": "GFF3",
      "uncompressedLengthBytes": "5208697"
    }
  ]
},{
  "accession": "GCA_900090005.1",
  "files": [
    {
      "filePath": "GCA_900090005.1/genomic.gbff",
      "fileType": "GENBANK_FLAT_FILE",
      "uncompressedLengthBytes": "37952878"
    },
    {
      "filePath": "GCA_900090005.1/GCA_900090005.1_PmlGA01_genomic.fna",
      "fileType": "GENOMIC_NUCLEOTIDE_FASTA",
      "uncompressedLengthBytes": "23852955"
    },
    {
      "filePath": "GCA_900090005.1/genomic.gff",
      "fileType": "GFF3",
      "uncompressedLengthBytes": "4686005"
    }
  ]
},{
  "accession": "GCA_900090025.2",
  "files": [
    {
      "filePath": "GCA_900090025.2/genomic.gbff",
      "fileType": "GENBANK_FLAT_FILE",
      "uncompressedLengthBytes": "53264166"
    },
    {
      "filePath": "GCA_900090025.2/GCA_900090025.2_PowCR01_genomic.fna",
      "fileType": "GENOMIC_NUCLEOTIDE_FASTA",
      "uncompressedLengthBytes": "34030038"
    },
    {
      "filePath": "GCA_900090025.2/genomic.gff",
      "fileType": "GFF3",
      "uncompressedLengthBytes": "6996191"
    }
  ]
},{
  "accession": "GCA_900090035.2",
  "files": [
    {
      "filePath": "GCA_900090035.2/genomic.gbff",
      "fileType": "GENBANK_FLAT_FILE",
      "uncompressedLengthBytes": "53844001"
    },
    {
      "filePath": "GCA_900090035.2/GCA_900090035.2_PocGH01_genomic.fna",
      "fileType": "GENOMIC_NUCLEOTIDE_FASTA",
      "uncompressedLengthBytes": "33965473"
    },
    {
      "filePath": "GCA_900090035.2/genomic.gff",
      "fileType": "GFF3",
      "uncompressedLengthBytes": "7577551"
    }
  ]
},{
  "accession": "GCA_900090045.1",
  "files": [
    {
      "filePath": "GCA_900090045.1/genomic.gbff",
      "fileType": "GENBANK_FLAT_FILE",
      "uncompressedLengthBytes": "51671560"
    },
    {
      "filePath": "GCA_900090045.1/GCA_900090045.1_PmUG01_genomic.fna",
      "fileType": "GENOMIC_NUCLEOTIDE_FASTA",
      "uncompressedLengthBytes": "34044257"
    },
    {
      "filePath": "GCA_900090045.1/genomic.gff",
      "fileType": "GFF3",
      "uncompressedLengthBytes": "5592688"
    }
  ]
},{
  "accession": "GCA_900093535.1",
  "files": [
    {
      "filePath": "GCA_900093535.1/genomic.gbff",
      "fileType": "GENBANK_FLAT_FILE",
      "uncompressedLengthBytes": "47796589"
    },
    {
      "filePath": "GCA_900093535.1/GCA_900093535.1_PvC01_genomic.fna",
      "fileType": "GENOMIC_NUCLEOTIDE_FASTA",
      "uncompressedLengthBytes": "30635522"
    },
    {
      "filePath": "GCA_900093535.1/genomic.gff",
      "fileType": "GFF3",
      "uncompressedLengthBytes": "7710725"
    }
  ]
},{
  "accession": "GCA_900093545.1",
  "files": [
    {
      "filePath": "GCA_900093545.1/genomic.gbff",
      "fileType": "GENBANK_FLAT_FILE",
      "uncompressedLengthBytes": "46007064"
    },
    {
      "filePath": "GCA_900093545.1/GCA_900093545.1_PvT01_genomic.fna",
      "fileType": "GENOMIC_NUCLEOTIDE_FASTA",
      "uncompressedLengthBytes": "29395399"
    },
    {
      "filePath": "GCA_900093545.1/genomic.gff",
      "fileType": "GFF3",
      "uncompressedLengthBytes": "7401872"
    }
  ]
},{
  "accession": "GCA_900093555.2",
  "files": [
    {
      "filePath": "GCA_900093555.2/genomic.gbff",
      "fileType": "GENBANK_FLAT_FILE",
      "uncompressedLengthBytes": "45745914"
    },
    {
      "filePath": "GCA_900093555.2/GCA_900093555.2_GCA_900093555_genomic.fna",
      "fileType": "GENOMIC_NUCLEOTIDE_FASTA",
      "uncompressedLengthBytes": "29427244"
    },
    {
      "filePath": "GCA_900093555.2/genomic.gff",
      "fileType": "GFF3",
      "uncompressedLengthBytes": "5136899"
    }
  ]
},{
  "accession": "GCA_900095545.1",
  "files": [
    {
      "filePath": "GCA_900095545.1/genomic.gbff",
      "fileType": "GENBANK_FLAT_FILE",
      "uncompressedLengthBytes": "30597593"
    },
    {
      "filePath": "GCA_900095545.1/GCA_900095545.1_PBNK65NY_genomic.fna",
      "fileType": "GENOMIC_NUCLEOTIDE_FASTA",
      "uncompressedLengthBytes": "18694666"
    },
    {
      "filePath": "GCA_900095545.1/genomic.gff",
      "fileType": "GFF3",
      "uncompressedLengthBytes": "5223426"
    }
  ]
},{
  "accession": "GCA_900095555.1",
  "files": [
    {
      "filePath": "GCA_900095555.1/genomic.gbff",
      "fileType": "GENBANK_FLAT_FILE",
      "uncompressedLengthBytes": "31376483"
    },
    {
      "filePath": "GCA_900095555.1/GCA_900095555.1_PchAJ_genomic.fna",
      "fileType": "GENOMIC_NUCLEOTIDE_FASTA",
      "uncompressedLengthBytes": "19134905"
    },
    {
      "filePath": "GCA_900095555.1/genomic.gff",
      "fileType": "GFF3",
      "uncompressedLengthBytes": "5376032"
    }
  ]
},{
  "accession": "GCA_900095565.1",
  "files": [
    {
      "filePath": "GCA_900095565.1/genomic.gbff",
      "fileType": "GENBANK_FLAT_FILE",
      "uncompressedLengthBytes": "32670050"
    },
    {
      "filePath": "GCA_900095565.1/GCA_900095565.1_PchDK_genomic.fna",
      "fileType": "GENOMIC_NUCLEOTIDE_FASTA",
      "uncompressedLengthBytes": "19680900"
    },
    {
      "filePath": "GCA_900095565.1/genomic.gff",
      "fileType": "GFF3",
      "uncompressedLengthBytes": "5723170"
    }
  ]
},{
  "accession": "GCA_900095585.1",
  "files": [
    {
      "filePath": "GCA_900095585.1/genomic.gbff",
      "fileType": "GENBANK_FLAT_FILE",
      "uncompressedLengthBytes": "30402729"
    },
    {
      "filePath": "GCA_900095585.1/GCA_900095585.1_PbSP11RLL_genomic.fna",
      "fileType": "GENOMIC_NUCLEOTIDE_FASTA",
      "uncompressedLengthBytes": "18569372"
    },
    {
      "filePath": "GCA_900095585.1/genomic.gff",
      "fileType": "GFF3",
      "uncompressedLengthBytes": "5297767"
    }
  ]
},{
  "accession": "GCA_900095595.1",
  "files": [
    {
      "filePath": "GCA_900095595.1/genomic.gbff",
      "fileType": "GENBANK_FLAT_FILE",
      "uncompressedLengthBytes": "40289929"
    },
    {
      "filePath": "GCA_900095595.1/GCA_900095595.1_PPRFG01_genomic.fna",
      "fileType": "GENOMIC_NUCLEOTIDE_FASTA",
      "uncompressedLengthBytes": "25299892"
    },
    {
      "filePath": "GCA_900095595.1/genomic.gff",
      "fileType": "GFF3",
      "uncompressedLengthBytes": "4946956"
    }
  ]
},{
  "accession": "GCA_900095605.1",
  "files": [
    {
      "filePath": "GCA_900095605.1/genomic.gbff",
      "fileType": "GENBANK_FLAT_FILE",
      "uncompressedLengthBytes": "31761517"
    },
    {
      "filePath": "GCA_900095605.1/GCA_900095605.1_PchCB_genomic.fna",
      "fileType": "GENOMIC_NUCLEOTIDE_FASTA",
      "uncompressedLengthBytes": "19216377"
    },
    {
      "filePath": "GCA_900095605.1/genomic.gff",
      "fileType": "GFF3",
      "uncompressedLengthBytes": "5508562"
    }
  ]
},{
  "accession": "GCA_900095625.1",
  "files": [
    {
      "filePath": "GCA_900095625.1/genomic.gbff",
      "fileType": "GENBANK_FLAT_FILE",
      "uncompressedLengthBytes": "32948263"
    },
    {
      "filePath": "GCA_900095625.1/GCA_900095625.1_PchDS_genomic.fna",
      "fileType": "GENOMIC_NUCLEOTIDE_FASTA",
      "uncompressedLengthBytes": "19909164"
    },
    {
      "filePath": "GCA_900095625.1/genomic.gff",
      "fileType": "GFF3",
      "uncompressedLengthBytes": "5766502"
    }
  ]
},{
  "accession": "GCA_900095635.1",
  "files": [
    {
      "filePath": "GCA_900095635.1/genomic.gbff",
      "fileType": "GENBANK_FLAT_FILE",
      "uncompressedLengthBytes": "30573182"
    },
    {
      "filePath": "GCA_900095635.1/GCA_900095635.1_PbSP11A_genomic.fna",
      "fileType": "GENOMIC_NUCLEOTIDE_FASTA",
      "uncompressedLengthBytes": "18685689"
    },
    {
      "filePath": "GCA_900095635.1/genomic.gff",
      "fileType": "GFF3",
      "uncompressedLengthBytes": "5159951"
    }
  ]
},{
  "accession": "GCA_900097015.1",
  "files": [
    {
      "filePath": "GCA_900097015.1/genomic.gbff",
      "fileType": "GENBANK_FLAT_FILE",
      "uncompressedLengthBytes": "36042294"
    },
    {
      "filePath": "GCA_900097015.1/GCA_900097015.1_PADLG01_genomic.fna",
      "fileType": "GENOMIC_NUCLEOTIDE_FASTA",
      "uncompressedLengthBytes": "22477186"
    },
    {
      "filePath": "GCA_900097015.1/genomic.gff",
      "fileType": "GFF3",
      "uncompressedLengthBytes": "4240650"
    }
  ]
},{
  "accession": "GCA_900097025.1",
  "files": [
    {
      "filePath": "GCA_900097025.1/genomic.gbff",
      "fileType": "GENBANK_FLAT_FILE",
      "uncompressedLengthBytes": "39297892"
    },
    {
      "filePath": "GCA_900097025.1/GCA_900097025.1_PRG01_genomic.fna",
      "fileType": "GENOMIC_NUCLEOTIDE_FASTA",
      "uncompressedLengthBytes": "24782136"
    },
    {
      "filePath": "GCA_900097025.1/genomic.gff",
      "fileType": "GFF3",
      "uncompressedLengthBytes": "4367442"
    }
  ]
},{
  "accession": "GCA_900097035.1",
  "files": [
    {
      "filePath": "GCA_900097035.1/genomic.gbff",
      "fileType": "GENBANK_FLAT_FILE",
      "uncompressedLengthBytes": "35184590"
    },
    {
      "filePath": "GCA_900097035.1/GCA_900097035.1_PBLACG01_genomic.fna",
      "fileType": "GENOMIC_NUCLEOTIDE_FASTA",
      "uncompressedLengthBytes": "22122563"
    },
    {
      "filePath": "GCA_900097035.1/genomic.gff",
      "fileType": "GFF3",
      "uncompressedLengthBytes": "4249367"
    }
  ]
},{
  "accession": "GCA_900097045.1",
  "files": [
    {
      "filePath": "GCA_900097045.1/genomic.gbff",
      "fileType": "GENBANK_FLAT_FILE",
      "uncompressedLengthBytes": "35794813"
    },
    {
      "filePath": "GCA_900097045.1/GCA_900097045.1_PGABG01_genomic.fna",
      "fileType": "GENOMIC_NUCLEOTIDE_FASTA",
      "uncompressedLengthBytes": "21652733"
    },
    {
      "filePath": "GCA_900097045.1/genomic.gff",
      "fileType": "GFF3",
      "uncompressedLengthBytes": "5186592"
    }
  ]
},{
  "accession": "GCA_900162085.1",
  "files": [
    {
      "filePath": "GCA_900162085.1/genomic.gbff",
      "fileType": "GENBANK_FLAT_FILE",
      "uncompressedLengthBytes": "30835595"
    },
    {
      "filePath": "GCA_900162085.1/GCA_900162085.1_PkA1H1_v1_genomic.fna",
      "fileType": "GENOMIC_NUCLEOTIDE_FASTA",
      "uncompressedLengthBytes": "24616294"
    }
  ]
},{
  "accession": "GCA_900178095.1",
  "files": [
    {
      "filePath": "GCA_900178095.1/genomic.gbff",
      "fileType": "GENBANK_FLAT_FILE",
      "uncompressedLengthBytes": "39783359"
    },
    {
      "filePath": "GCA_900178095.1/GCA_900178095.1_PvHMP-013_genomic.fna",
      "fileType": "GENOMIC_NUCLEOTIDE_FASTA",
      "uncompressedLengthBytes": "31408657"
    }
  ]
},{
  "accession": "GCA_900180395.1",
  "files": [
    {
      "filePath": "GCA_900180395.1/genomic.gbff",
      "fileType": "GENBANK_FLAT_FILE",
      "uncompressedLengthBytes": "38892234"
    },
    {
      "filePath": "GCA_900180395.1/GCA_900180395.1_PcyM_genomic.fna",
      "fileType": "GENOMIC_NUCLEOTIDE_FASTA",
      "uncompressedLengthBytes": "31046066"
    }
  ]
},{
  "accession": "GCA_900240055.1",
  "files": [
    {
      "filePath": "GCA_900240055.1/genomic.gbff",
      "fileType": "GENBANK_FLAT_FILE",
      "uncompressedLengthBytes": "34098269"
    },
    {
      "filePath": "GCA_900240055.1/GCA_900240055.1_PGABG02_genomic.fna",
      "fileType": "GENOMIC_NUCLEOTIDE_FASTA",
      "uncompressedLengthBytes": "21200240"
    },
    {
      "filePath": "GCA_900240055.1/genomic.gff",
      "fileType": "GFF3",
      "uncompressedLengthBytes": "4089385"
    }
  ]
},{
  "accession": "GCA_900257145.2",
  "files": [
    {
      "filePath": "GCA_900257145.2/genomic.gbff",
      "fileType": "GENBANK_FLAT_FILE",
      "uncompressedLengthBytes": "35867736"
    },
    {
      "filePath": "GCA_900257145.2/GCA_900257145.2_Plasmodium_billcollinsi_genomic.fna",
      "fileType": "GENOMIC_NUCLEOTIDE_FASTA",
      "uncompressedLengthBytes": "22189434"
    },
    {
      "filePath": "GCA_900257145.2/genomic.gff",
      "fileType": "GFF3",
      "uncompressedLengthBytes": "4895488"
    }
  ]
},{
  "accession": "GCA_900617135.1",
  "files": [
    {
      "filePath": "GCA_900617135.1/genomic.gbff",
      "fileType": "GENBANK_FLAT_FILE",
      "uncompressedLengthBytes": "29844336"
    },
    {
      "filePath": "GCA_900617135.1/GCA_900617135.1_PfCD01-2_genomic.fna",
      "fileType": "GENOMIC_NUCLEOTIDE_FASTA",
      "uncompressedLengthBytes": "23841727"
    }
  ]
},{
  "accession": "GCA_900617785.1",
  "files": [
    {
      "filePath": "GCA_900617785.1/genomic.gbff",
      "fileType": "GENBANK_FLAT_FILE",
      "uncompressedLengthBytes": "25244521"
    },
    {
      "filePath": "GCA_900617785.1/GCA_900617785.1_Pch2CR-2_genomic.fna",
      "fileType": "GENOMIC_NUCLEOTIDE_FASTA",
      "uncompressedLengthBytes": "19592833"
    }
  ]
},{
  "accession": "GCA_900617805.1",
  "files": [
    {
      "filePath": "GCA_900617805.1/genomic.gbff",
      "fileType": "GENBANK_FLAT_FILE",
      "uncompressedLengthBytes": "25105408"
    },
    {
      "filePath": "GCA_900617805.1/GCA_900617805.1_PchV52-2_genomic.fna",
      "fileType": "GENOMIC_NUCLEOTIDE_FASTA",
      "uncompressedLengthBytes": "19571040"
    }
  ]
},{
  "accession": "GCA_900617815.1",
  "files": [
    {
      "filePath": "GCA_900617815.1/genomic.gbff",
      "fileType": "GENBANK_FLAT_FILE",
      "uncompressedLengthBytes": "26384552"
    },
    {
      "filePath": "GCA_900617815.1/GCA_900617815.1_Pvb1-69-2_genomic.fna",
      "fileType": "GENOMIC_NUCLEOTIDE_FASTA",
      "uncompressedLengthBytes": "20247588"
    }
  ]
},{
  "accession": "GCA_900617825.1",
  "files": [
    {
      "filePath": "GCA_900617825.1/genomic.gbff",
      "fileType": "GENBANK_FLAT_FILE",
      "uncompressedLengthBytes": "25825570"
    },
    {
      "filePath": "GCA_900617825.1/GCA_900617825.1_Pvk194ZZ-2_genomic.fna",
      "fileType": "GENOMIC_NUCLEOTIDE_FASTA",
      "uncompressedLengthBytes": "20195192"
    }
  ]
},{
  "accession": "GCA_900617835.1",
  "files": [
    {
      "filePath": "GCA_900617835.1/genomic.gbff",
      "fileType": "GENBANK_FLAT_FILE",
      "uncompressedLengthBytes": "32684059"
    },
    {
      "filePath": "GCA_900617835.1/GCA_900617835.1_Pyk193L-2_genomic.fna",
      "fileType": "GENOMIC_NUCLEOTIDE_FASTA",
      "uncompressedLengthBytes": "24131924"
    }
  ]
},{
  "accession": "GCA_900617845.1",
  "files": [
    {
      "filePath": "GCA_900617845.1/genomic.gbff",
      "fileType": "GENBANK_FLAT_FILE",
      "uncompressedLengthBytes": "30781051"
    },
    {
      "filePath": "GCA_900617845.1/GCA_900617845.1_Pyy1.1-2_genomic.fna",
      "fileType": "GENOMIC_NUCLEOTIDE_FASTA",
      "uncompressedLengthBytes": "22823436"
    }
  ]
},{
  "accession": "GCA_900617855.1",
  "files": [
    {
      "filePath": "GCA_900617855.1/genomic.gbff",
      "fileType": "GENBANK_FLAT_FILE",
      "uncompressedLengthBytes": "31196060"
    },
    {
      "filePath": "GCA_900617855.1/GCA_900617855.1_Pyy1AR-2_genomic.fna",
      "fileType": "GENOMIC_NUCLEOTIDE_FASTA",
      "uncompressedLengthBytes": "23028550"
    }
  ]
},{
  "accession": "GCA_900617865.1",
  "files": [
    {
      "filePath": "GCA_900617865.1/genomic.gbff",
      "fileType": "GENBANK_FLAT_FILE",
      "uncompressedLengthBytes": "31973904"
    },
    {
      "filePath": "GCA_900617865.1/GCA_900617865.1_Pyy2CL-2_genomic.fna",
      "fileType": "GENOMIC_NUCLEOTIDE_FASTA",
      "uncompressedLengthBytes": "23345496"
    }
  ]
},{
  "accession": "GCA_900617875.1",
  "files": [
    {
      "filePath": "GCA_900617875.1/genomic.gbff",
      "fileType": "GENBANK_FLAT_FILE",
      "uncompressedLengthBytes": "30976104"
    },
    {
      "filePath": "GCA_900617875.1/GCA_900617875.1_Pyy33X-2_genomic.fna",
      "fileType": "GENOMIC_NUCLEOTIDE_FASTA",
      "uncompressedLengthBytes": "23006562"
    }
  ]
},{
  "accession": "GCA_900617885.1",
  "files": [
    {
      "filePath": "GCA_900617885.1/genomic.gbff",
      "fileType": "GENBANK_FLAT_FILE",
      "uncompressedLengthBytes": "32403676"
    },
    {
      "filePath": "GCA_900617885.1/GCA_900617885.1_Pyy3AE-2_genomic.fna",
      "fileType": "GENOMIC_NUCLEOTIDE_FASTA",
      "uncompressedLengthBytes": "23464675"
    }
  ]
},{
  "accession": "GCA_900631975.1",
  "files": [
    {
      "filePath": "GCA_900631975.1/genomic.gbff",
      "fileType": "GENBANK_FLAT_FILE",
      "uncompressedLengthBytes": "28887136"
    },
    {
      "filePath": "GCA_900631975.1/GCA_900631975.1_PfKE01-3_genomic.fna",
      "fileType": "GENOMIC_NUCLEOTIDE_FASTA",
      "uncompressedLengthBytes": "23074802"
    }
  ]
},{
  "accession": "GCA_900631985.1",
  "files": [
    {
      "filePath": "GCA_900631985.1/genomic.gbff",
      "fileType": "GENBANK_FLAT_FILE",
      "uncompressedLengthBytes": "28925978"
    },
    {
      "filePath": "GCA_900631985.1/GCA_900631985.1_PfHB3-3_genomic.fna",
      "fileType": "GENOMIC_NUCLEOTIDE_FASTA",
      "uncompressedLengthBytes": "23099775"
    }
  ]
},{
  "accession": "GCA_900631995.1",
  "files": [
    {
      "filePath": "GCA_900631995.1/genomic.gbff",
      "fileType": "GENBANK_FLAT_FILE",
      "uncompressedLengthBytes": "30056463"
    },
    {
      "filePath": "GCA_900631995.1/GCA_900631995.1_PfGN01-3_genomic.fna",
      "fileType": "GENOMIC_NUCLEOTIDE_FASTA",
      "uncompressedLengthBytes": "24011006"
    }
  ]
},{
  "accession": "GCA_900632005.1",
  "files": [
    {
      "filePath": "GCA_900632005.1/genomic.gbff",
      "fileType": "GENBANK_FLAT_FILE",
      "uncompressedLengthBytes": "29340492"
    },
    {
      "filePath": "GCA_900632005.1/GCA_900632005.1_PfGA01-3_genomic.fna",
      "fileType": "GENOMIC_NUCLEOTIDE_FASTA",
      "uncompressedLengthBytes": "23437963"
    }
  ]
},{
  "accession": "GCA_900632015.1",
  "files": [
    {
      "filePath": "GCA_900632015.1/genomic.gbff",
      "fileType": "GENBANK_FLAT_FILE",
      "uncompressedLengthBytes": "29314165"
    },
    {
      "filePath": "GCA_900632015.1/GCA_900632015.1_PfKH02-3_genomic.fna",
      "fileType": "GENOMIC_NUCLEOTIDE_FASTA",
      "uncompressedLengthBytes": "23415459"
    }
  ]
},{
  "accession": "GCA_900632025.1",
  "files": [
    {
      "filePath": "GCA_900632025.1/genomic.gbff",
      "fileType": "GENBANK_FLAT_FILE",
      "uncompressedLengthBytes": "29494696"
    },
    {
      "filePath": "GCA_900632025.1/GCA_900632025.1_PfKH01-3_genomic.fna",
      "fileType": "GENOMIC_NUCLEOTIDE_FASTA",
      "uncompressedLengthBytes": "23559114"
    }
  ]
},{
  "accession": "GCA_900632035.1",
  "files": [
    {
      "filePath": "GCA_900632035.1/genomic.gbff",
      "fileType": "GENBANK_FLAT_FILE",
      "uncompressedLengthBytes": "29782761"
    },
    {
      "filePath": "GCA_900632035.1/GCA_900632035.1_PfGB4-3_genomic.fna",
      "fileType": "GENOMIC_NUCLEOTIDE_FASTA",
      "uncompressedLengthBytes": "23785505"
    }
  ]
},{
  "accession": "GCA_900632055.1",
  "files": [
    {
      "filePath": "GCA_900632055.1/genomic.gbff",
      "fileType": "GENBANK_FLAT_FILE",
      "uncompressedLengthBytes": "29392522"
    },
    {
      "filePath": "GCA_900632055.1/GCA_900632055.1_PfIT-3_genomic.fna",
      "fileType": "GENOMIC_NUCLEOTIDE_FASTA",
      "uncompressedLengthBytes": "23473295"
    }
  ]
},{
  "accession": "GCA_900632065.1",
  "files": [
    {
      "filePath": "GCA_900632065.1/genomic.gbff",
      "fileType": "GENBANK_FLAT_FILE",
      "uncompressedLengthBytes": "32943862"
    },
    {
      "filePath": "GCA_900632065.1/GCA_900632065.1_PfTG01-3_genomic.fna",
      "fileType": "GENOMIC_NUCLEOTIDE_FASTA",
      "uncompressedLengthBytes": "26272767"
    }
  ]
},{
  "accession": "GCA_900632075.1",
  "files": [
    {
      "filePath": "GCA_900632075.1/genomic.gbff",
      "fileType": "GENBANK_FLAT_FILE",
      "uncompressedLengthBytes": "29805521"
    },
    {
      "filePath": "GCA_900632075.1/GCA_900632075.1_PfSN01-3_genomic.fna",
      "fileType": "GENOMIC_NUCLEOTIDE_FASTA",
      "uncompressedLengthBytes": "23796499"
    }
  ]
},{
  "accession": "GCA_900632085.1",
  "files": [
    {
      "filePath": "GCA_900632085.1/genomic.gbff",
      "fileType": "GENBANK_FLAT_FILE",
      "uncompressedLengthBytes": "32649001"
    },
    {
      "filePath": "GCA_900632085.1/GCA_900632085.1_PfML01-3_genomic.fna",
      "fileType": "GENOMIC_NUCLEOTIDE_FASTA",
      "uncompressedLengthBytes": "26007961"
    }
  ]
},{
  "accession": "GCA_900632095.1",
  "files": [
    {
      "filePath": "GCA_900632095.1/genomic.gbff",
      "fileType": "GENBANK_FLAT_FILE",
      "uncompressedLengthBytes": "28836376"
    },
    {
      "filePath": "GCA_900632095.1/GCA_900632095.1_PfSD01-3_genomic.fna",
      "fileType": "GENOMIC_NUCLEOTIDE_FASTA",
      "uncompressedLengthBytes": "23035582"
    }
  ]
},{
  "accession": "GCA_900681995.1",
  "files": [
    {
      "filePath": "GCA_900681995.1/genomic.gbff",
      "fileType": "GENBANK_FLAT_FILE",
      "uncompressedLengthBytes": "30085774"
    },
    {
      "filePath": "GCA_900681995.1/GCA_900681995.1_PVVCY_v1_genomic.fna",
      "fileType": "GENOMIC_NUCLEOTIDE_FASTA",
      "uncompressedLengthBytes": "18605166"
    },
    {
      "filePath": "GCA_900681995.1/genomic.gff",
      "fileType": "GFF3",
      "uncompressedLengthBytes": "3930220"
    }
  ]
},{
  "accession": "GCA_903994205.1",
  "files": [
    {
      "filePath": "GCA_903994205.1/genomic.gbff",
      "fileType": "GENBANK_FLAT_FILE",
      "uncompressedLengthBytes": "31304563"
    },
    {
      "filePath": "GCA_903994205.1/GCA_903994205.1_PVBDA_v1_genomic.fna",
      "fileType": "GENOMIC_NUCLEOTIDE_FASTA",
      "uncompressedLengthBytes": "19448182"
    },
    {
      "filePath": "GCA_903994205.1/genomic.gff",
      "fileType": "GFF3",
      "uncompressedLengthBytes": "4220558"
    }
  ]
},{
  "accession": "GCA_903994225.1",
  "files": [
    {
      "filePath": "GCA_903994225.1/genomic.gbff",
      "fileType": "GENBANK_FLAT_FILE",
      "uncompressedLengthBytes": "31515623"
    },
    {
      "filePath": "GCA_903994225.1/GCA_903994225.1_PVLDE_v1_genomic.fna",
      "fileType": "GENOMIC_NUCLEOTIDE_FASTA",
      "uncompressedLengthBytes": "19584556"
    },
    {
      "filePath": "GCA_903994225.1/genomic.gff",
      "fileType": "GFF3",
      "uncompressedLengthBytes": "4255314"
    }
  ]
},{
  "accession": "GCA_903994235.1",
  "files": [
    {
      "filePath": "GCA_903994235.1/genomic.gbff",
      "fileType": "GENBANK_FLAT_FILE",
      "uncompressedLengthBytes": "31616794"
    },
    {
      "filePath": "GCA_903994235.1/GCA_903994235.1_PVPCR_v1_genomic.fna",
      "fileType": "GENOMIC_NUCLEOTIDE_FASTA",
      "uncompressedLengthBytes": "19654353"
    },
    {
      "filePath": "GCA_903994235.1/genomic.gff",
      "fileType": "GFF3",
      "uncompressedLengthBytes": "4270975"
    }
  ]
},{
  "accession": "GCA_903994265.1",
  "files": [
    {
      "filePath": "GCA_903994265.1/genomic.gbff",
      "fileType": "GENBANK_FLAT_FILE",
      "uncompressedLengthBytes": "31782632"
    },
    {
      "filePath": "GCA_903994265.1/GCA_903994265.1_PVSEL_v1_genomic.fna",
      "fileType": "GENOMIC_NUCLEOTIDE_FASTA",
      "uncompressedLengthBytes": "19778340"
    },
    {
      "filePath": "GCA_903994265.1/genomic.gff",
      "fileType": "GFF3",
      "uncompressedLengthBytes": "4286602"
    }
  ]
},{
  "accession": "GCF_000002415.2",
  "files": [
    {
      "filePath": "GCF_000002415.2/genomic.gbff",
      "fileType": "GENBANK_FLAT_FILE",
      "uncompressedLengthBytes": "53757878"
    },
    {
      "filePath": "GCF_000002415.2/GCF_000002415.2_ASM241v2_genomic.fna",
      "fileType": "GENOMIC_NUCLEOTIDE_FASTA",
      "uncompressedLengthBytes": "27599788"
    },
    {
      "filePath": "GCF_000002415.2/genomic.gff",
      "fileType": "GFF3",
      "uncompressedLengthBytes": "13779155"
    }
  ]
},{
  "accession": "GCF_000006355.2",
  "files": [
    {
      "filePath": "GCF_000006355.2/genomic.gbff",
      "fileType": "GENBANK_FLAT_FILE",
      "uncompressedLengthBytes": "41779062"
    },
    {
      "filePath": "GCF_000006355.2/GCF_000006355.2_GCA_000006355.2_genomic.fna",
      "fileType": "GENOMIC_NUCLEOTIDE_FASTA",
      "uncompressedLengthBytes": "24718790"
    },
    {
      "filePath": "GCF_000006355.2/genomic.gff",
      "fileType": "GFF3",
      "uncompressedLengthBytes": "11133863"
    }
  ]
},{
  "accession": "GCF_000321355.1",
  "files": [
    {
      "filePath": "GCF_000321355.1/genomic.gbff",
      "fileType": "GENBANK_FLAT_FILE",
      "uncompressedLengthBytes": "47801536"
    },
    {
      "filePath": "GCF_000321355.1/GCF_000321355.1_PcynB_1.0_genomic.fna",
      "fileType": "GENOMIC_NUCLEOTIDE_FASTA",
      "uncompressedLengthBytes": "26670680"
    },
    {
      "filePath": "GCF_000321355.1/genomic.gff",
      "fileType": "GFF3",
      "uncompressedLengthBytes": "12143324"
    }
  ]
},{
  "accession": "GCF_001601855.1",
  "files": [
    {
      "filePath": "GCF_001601855.1/genomic.gbff",
      "fileType": "GENBANK_FLAT_FILE",
      "uncompressedLengthBytes": "39850032"
    },
    {
      "filePath": "GCF_001601855.1/GCF_001601855.1_ASM160185v1_genomic.fna",
      "fileType": "GENOMIC_NUCLEOTIDE_FASTA",
      "uncompressedLengthBytes": "20835921"
    },
    {
      "filePath": "GCF_001601855.1/genomic.gff",
      "fileType": "GFF3",
      "uncompressedLengthBytes": "13757209"
    }
  ]
},{
  "accession": "GCF_001602025.1",
  "files": [
    {
      "filePath": "GCF_001602025.1/genomic.gbff",
      "fileType": "GENBANK_FLAT_FILE",
      "uncompressedLengthBytes": "38973760"
    },
    {
      "filePath": "GCF_001602025.1/GCF_001602025.1_ASM160202v1_genomic.fna",
      "fileType": "GENOMIC_NUCLEOTIDE_FASTA",
      "uncompressedLengthBytes": "20720590"
    },
    {
      "filePath": "GCF_001602025.1/genomic.gff",
      "fileType": "GFF3",
      "uncompressedLengthBytes": "14186397"
    }
  ]
},{
  "accession": "GCF_001680005.1",
  "files": [
    {
      "filePath": "GCF_001680005.1/genomic.gbff",
      "fileType": "GENBANK_FLAT_FILE",
      "uncompressedLengthBytes": "44880032"
    },
    {
      "filePath": "GCF_001680005.1/GCF_001680005.1_ASM168000v1_genomic.fna",
      "fileType": "GENOMIC_NUCLEOTIDE_FASTA",
      "uncompressedLengthBytes": "28032729"
    },
    {
      "filePath": "GCF_001680005.1/genomic.gff",
      "fileType": "GFF3",
      "uncompressedLengthBytes": "14004572"
    }
  ]
},{
  "accession": "GCF_023973825.1",
  "files": [
    {
      "filePath": "GCF_023973825.1/genomic.gbff",
      "fileType": "GENBANK_FLAT_FILE",
      "uncompressedLengthBytes": "50051205"
    },
    {
      "filePath": "GCF_023973825.1/GCF_023973825.1_ASM2397382v1_genomic.fna",
      "fileType": "GENOMIC_NUCLEOTIDE_FASTA",
      "uncompressedLengthBytes": "31770991"
    },
    {
      "filePath": "GCF_023973825.1/genomic.gff",
      "fileType": "GFF3",
      "uncompressedLengthBytes": "14315981"
    }
  ]
},{
  "accession": "GCF_900002335.3",
  "files": [
    {
      "filePath": "GCF_900002335.3/genomic.gbff",
      "fileType": "GENBANK_FLAT_FILE",
      "uncompressedLengthBytes": "34606208"
    },
    {
      "filePath": "GCF_900002335.3/GCF_900002335.3_GCA_900002335_genomic.fna",
      "fileType": "GENOMIC_NUCLEOTIDE_FASTA",
      "uncompressedLengthBytes": "19212445"
    },
    {
      "filePath": "GCF_900002335.3/genomic.gff",
      "fileType": "GFF3",
      "uncompressedLengthBytes": "11834082"
    }
  ]
},{
  "accession": "GCF_900002375.2",
  "files": [
    {
      "filePath": "GCF_900002375.2/genomic.gbff",
      "fileType": "GENBANK_FLAT_FILE",
      "uncompressedLengthBytes": "33490096"
    },
    {
      "filePath": "GCF_900002375.2/GCF_900002375.2_GCA_900002375_genomic.fna",
      "fileType": "GENOMIC_NUCLEOTIDE_FASTA",
      "uncompressedLengthBytes": "19013441"
    },
    {
      "filePath": "GCF_900002375.2/genomic.gff",
      "fileType": "GFF3",
      "uncompressedLengthBytes": "10349387"
    }
  ]
},{
  "accession": "GCF_900005765.1",
  "files": [
    {
      "filePath": "GCF_900005765.1/genomic.gbff",
      "fileType": "GENBANK_FLAT_FILE",
      "uncompressedLengthBytes": "39054414"
    },
    {
      "filePath": "GCF_900005765.1/GCF_900005765.1_PRELSG_genomic.fna",
      "fileType": "GENOMIC_NUCLEOTIDE_FASTA",
      "uncompressedLengthBytes": "22951483"
    },
    {
      "filePath": "GCF_900005765.1/genomic.gff",
      "fileType": "GFF3",
      "uncompressedLengthBytes": "10760858"
    }
  ]
},{
  "accession": "GCF_900090045.1",
  "files": [
    {
      "filePath": "GCF_900090045.1/genomic.gbff",
      "fileType": "GENBANK_FLAT_FILE",
      "uncompressedLengthBytes": "54409929"
    },
    {
      "filePath": "GCF_900090045.1/GCF_900090045.1_PmUG01_genomic.fna",
      "fileType": "GENOMIC_NUCLEOTIDE_FASTA",
      "uncompressedLengthBytes": "34038135"
    },
    {
      "filePath": "GCF_900090045.1/genomic.gff",
      "fileType": "GFF3",
      "uncompressedLengthBytes": "13301703"
    }
  ]
},{
  "accession": "GCF_900097015.1",
  "files": [
    {
      "filePath": "GCF_900097015.1/genomic.gbff",
      "fileType": "GENBANK_FLAT_FILE",
      "uncompressedLengthBytes": "38314871"
    },
    {
      "filePath": "GCF_900097015.1/GCF_900097015.1_PADLG01_genomic.fna",
      "fileType": "GENOMIC_NUCLEOTIDE_FASTA",
      "uncompressedLengthBytes": "22477200"
    },
    {
      "filePath": "GCF_900097015.1/genomic.gff",
      "fileType": "GFF3",
      "uncompressedLengthBytes": "10920955"
    }
  ]
},{
  "accession": "GCF_900681995.1",
  "files": [
    {
      "filePath": "GCF_900681995.1/genomic.gbff",
      "fileType": "GENBANK_FLAT_FILE",
      "uncompressedLengthBytes": "32866852"
    },
    {
      "filePath": "GCF_900681995.1/GCF_900681995.1_PVVCY_v1_genomic.fna",
      "fileType": "GENOMIC_NUCLEOTIDE_FASTA",
      "uncompressedLengthBytes": "18605188"
    },
    {
      "filePath": "GCF_900681995.1/genomic.gff",
      "fileType": "GFF3",
      "uncompressedLengthBytes": "10390197"
    }
  ]
}]}
