{
"apiVersion": "V2",
"assemblies": [
{
  "files": [
    {
      "filePath": "assembly_data_report.jsonl",
      "fileType": "DATA_REPORT",
      "uncompressedLengthBytes": "58609"
    }
  ]
},{
  "accession": "GCA_000003085.2",
  "files": [
    {
      "filePath": "GCA_000003085.2/genomic.gbff",
      "fileType": "GENBANK_FLAT_FILE",
      "uncompressedLengthBytes": "61909858"
    },
    {
      "filePath": "GCA_000003085.2/GCA_000003085.2_ASM308v2_genomic.fna",
      "fileType": "GENOMIC_NUCLEOTIDE_FASTA",
      "uncompressedLengthBytes": "23963274"
    },
    {
      "filePath": "GCA_000003085.2/genomic.gff",
      "fileType": "GFF3",
      "uncompressedLengthBytes": "20303625"
    }
  ]
},{
  "accession": "GCA_000576715.1",
  "files": [
    {
      "filePath": "GCA_000576715.1/genomic.gbff",
      "fileType": "GENBANK_FLAT_FILE",
      "uncompressedLengthBytes": "59874024"
    },
    {
      "filePath": "GCA_000576715.1/GCA_000576715.1_PGAB1_genomic.fna",
      "fileType": "GENOMIC_NUCLEOTIDE_FASTA",
      "uncompressedLengthBytes": "19676305"
    }
  ]
},{
  "accession": "GCA_001861055.1",
  "files": [
    {
      "filePath": "GCA_001861055.1/genomic.gbff",
      "fileType": "GENBANK_FLAT_FILE",
      "uncompressedLengthBytes": "52735435"
    },
    {
      "filePath": "GCA_001861055.1/GCA_001861055.1_327_1_genomic.fna",
      "fileType": "GENOMIC_NUCLEOTIDE_FASTA",
      "uncompressedLengthBytes": "36253149"
    }
  ]
},{
  "accession": "GCA_001861065.1",
  "files": [
    {
      "filePath": "GCA_001861065.1/genomic.gbff",
      "fileType": "GENBANK_FLAT_FILE",
      "uncompressedLengthBytes": "52112811"
    },
    {
      "filePath": "GCA_001861065.1/GCA_001861065.1_377_1_genomic.fna",
      "fileType": "GENOMIC_NUCLEOTIDE_FASTA",
      "uncompressedLengthBytes": "37854527"
    }
  ]
},{
  "accession": "GCA_001861165.1",
  "files": [
    {
      "filePath": "GCA_001861165.1/genomic.gbff",
      "fileType": "GENBANK_FLAT_FILE",
      "uncompressedLengthBytes": "39219687"
    },
    {
      "filePath": "GCA_001861165.1/GCA_001861165.1_318_1_genomic.fna",
      "fileType": "GENOMIC_NUCLEOTIDE_FASTA",
      "uncompressedLengthBytes": "28632438"
    }
  ]
},{
  "accession": "GCA_001861195.1",
  "files": [
    {
      "filePath": "GCA_001861195.1/genomic.gbff",
      "fileType": "GENBANK_FLAT_FILE",
      "uncompressedLengthBytes": "41566798"
    },
    {
      "filePath": "GCA_001861195.1/GCA_001861195.1_383_1_genomic.fna",
      "fileType": "GENOMIC_NUCLEOTIDE_FASTA",
      "uncompressedLengthBytes": "29986951"
    }
  ]
},{
  "accession": "GCA_001861275.1",
  "files": [
    {
      "filePath": "GCA_001861275.1/genomic.gbff",
      "fileType": "GENBANK_FLAT_FILE",
      "uncompressedLengthBytes": "38979092"
    },
    {
      "filePath": "GCA_001861275.1/GCA_001861275.1_366_1_genomic.fna",
      "fileType": "GENOMIC_NUCLEOTIDE_FASTA",
      "uncompressedLengthBytes": "28677875"
    }
  ]
},{
  "accession": "GCA_001861305.1",
  "files": [
    {
      "filePath": "GCA_001861305.1/genomic.gbff",
      "fileType": "GENBANK_FLAT_FILE",
      "uncompressedLengthBytes": "40357368"
    },
    {
      "filePath": "GCA_001861305.1/GCA_001861305.1_398_1_genomic.fna",
      "fileType": "GENOMIC_NUCLEOTIDE_FASTA",
      "uncompressedLengthBytes": "30615775"
    }
  ]
},{
  "accession": "GCA_009761425.1",
  "files": [
    {
      "filePath": "GCA_009761425.1/genomic.gbff",
      "fileType": "GENBANK_FLAT_FILE",
      "uncompressedLengthBytes": "29847557"
    },
    {
      "filePath": "GCA_009761425.1/GCA_009761425.1_NF135.C10_v1_genomic.fna",
      "fileType": "GENOMIC_NUCLEOTIDE_FASTA",
      "uncompressedLengthBytes": "23805463"
    }
  ]
},{
  "accession": "GCA_009761475.1",
  "files": [
    {
      "filePath": "GCA_009761475.1/genomic.gbff",
      "fileType": "GENBANK_FLAT_FILE",
      "uncompressedLengthBytes": "29736026"
    },
    {
      "filePath": "GCA_009761475.1/GCA_009761475.1_NF54_v1_genomic.fna",
      "fileType": "GENOMIC_NUCLEOTIDE_FASTA",
      "uncompressedLengthBytes": "23700419"
    }
  ]
},{
  "accession": "GCA_009761515.1",
  "files": [
    {
      "filePath": "GCA_009761515.1/genomic.gbff",
      "fileType": "GENBANK_FLAT_FILE",
      "uncompressedLengthBytes": "29586545"
    },
    {
      "filePath": "GCA_009761515.1/GCA_009761515.1_NF166_v1_genomic.fna",
      "fileType": "GENOMIC_NUCLEOTIDE_FASTA",
      "uncompressedLengthBytes": "23576426"
    }
  ]
},{
  "accession": "GCA_009761555.1",
  "files": [
    {
      "filePath": "GCA_009761555.1/genomic.gbff",
      "fileType": "GENBANK_FLAT_FILE",
      "uncompressedLengthBytes": "28955428"
    },
    {
      "filePath": "GCA_009761555.1/GCA_009761555.1_7G8_v1_genomic.fna",
      "fileType": "GENOMIC_NUCLEOTIDE_FASTA",
      "uncompressedLengthBytes": "23094611"
    }
  ]
},{
  "accession": "GCA_018340825.1",
  "files": [
    {
      "filePath": "GCA_018340825.1/genomic.gbff",
      "fileType": "GENBANK_FLAT_FILE",
      "uncompressedLengthBytes": "27230361"
    },
    {
      "filePath": "GCA_018340825.1/GCA_018340825.1_NIAID_PY_nigeriensis_N67_genomic.fna",
      "fileType": "GENOMIC_NUCLEOTIDE_FASTA",
      "uncompressedLengthBytes": "21555549"
    }
  ]
},{
  "accession": "GCA_030710385.1",
  "files": [
    {
      "filePath": "GCA_030710385.1/genomic.gbff",
      "fileType": "GENBANK_FLAT_FILE",
      "uncompressedLengthBytes": "29819826"
    },
    {
      "filePath": "GCA_030710385.1/GCA_030710385.1_ASM3071038v1_genomic.fna",
      "fileType": "GENOMIC_NUCLEOTIDE_FASTA",
      "uncompressedLengthBytes": "23798339"
    }
  ]
},{
  "accession": "GCA_030710445.1",
  "files": [
    {
      "filePath": "GCA_030710445.1/genomic.gbff",
      "fileType": "GENBANK_FLAT_FILE",
      "uncompressedLengthBytes": "30054214"
    },
    {
      "filePath": "GCA_030710445.1/GCA_030710445.1_ASM3071044v1_genomic.fna",
      "fileType": "GENOMIC_NUCLEOTIDE_FASTA",
      "uncompressedLengthBytes": "23936275"
    }
  ]
},{
  "accession": "GCA_030710455.1",
  "files": [
    {
      "filePath": "GCA_030710455.1/genomic.gbff",
      "fileType": "GENBANK_FLAT_FILE",
      "uncompressedLengthBytes": "29631079"
    },
    {
      "filePath": "GCA_030710455.1/GCA_030710455.1_ASM3071045v1_genomic.fna",
      "fileType": "GENOMIC_NUCLEOTIDE_FASTA",
      "uncompressedLengthBytes": "23641677"
    }
  ]
},{
  "accession": "GCA_030710485.1",
  "files": [
    {
      "filePath": "GCA_030710485.1/genomic.gbff",
      "fileType": "GENBANK_FLAT_FILE",
      "uncompressedLengthBytes": "29797552"
    },
    {
      "filePath": "GCA_030710485.1/GCA_030710485.1_ASM3071048v1_genomic.fna",
      "fileType": "GENOMIC_NUCLEOTIDE_FASTA",
      "uncompressedLengthBytes": "23763445"
    }
  ]
},{
  "accession": "GCA_900004885.2",
  "files": [
    {
      "filePath": "GCA_900004885.2/genomic.gbff",
      "fileType": "GENBANK_FLAT_FILE",
      "uncompressedLengthBytes": "38366006"
    },
    {
      "filePath": "GCA_900004885.2/GCA_900004885.2_PKNA1-C.2_genomic.fna",
      "fileType": "GENOMIC_NUCLEOTIDE_FASTA",
      "uncompressedLengthBytes": "24670072"
    },
    {
      "filePath": "GCA_900004885.2/genomic.gff",
      "fileType": "GFF3",
      "uncompressedLengthBytes": "4424572"
    }
  ]
},{
  "accession": "GCA_900005025.2",
  "files": [
    {
      "filePath": "GCA_900005025.2/genomic.gbff",
      "fileType": "GENBANK_FLAT_FILE",
      "uncompressedLengthBytes": "37773674"
    },
    {
      "filePath": "GCA_900005025.2/GCA_900005025.2_PKNA1-H.1_genomic.fna",
      "fileType": "GENOMIC_NUCLEOTIDE_FASTA",
      "uncompressedLengthBytes": "24262190"
    },
    {
      "filePath": "GCA_900005025.2/genomic.gff",
      "fileType": "GFF3",
      "uncompressedLengthBytes": "4416306"
    }
  ]
},{
  "accession": "GCA_914969965.1",
  "files": [
    {
      "filePath": "GCA_914969965.1/genomic.gbff",
      "fileType": "GENBANK_FLAT_FILE",
      "uncompressedLengthBytes": "46593988"
    },
    {
      "filePath": "GCA_914969965.1/GCA_914969965.1_5987STDY8548200_genomic.fna",
      "fileType": "GENOMIC_NUCLEOTIDE_FASTA",
      "uncompressedLengthBytes": "29367759"
    },
    {
      "filePath": "GCA_914969965.1/genomic.gff",
      "fileType": "GFF3",
      "uncompressedLengthBytes": "8897999"
    }
  ]
},{
  "accession": "GCA_949152365.1",
  "files": [
    {
      "filePath": "GCA_949152365.1/genomic.gbff",
      "fileType": "GENBANK_FLAT_FILE",
      "uncompressedLengthBytes": "46261586"
    },
    {
      "filePath": "GCA_949152365.1/GCA_949152365.1_PVPAM_genomic.fna",
      "fileType": "GENOMIC_NUCLEOTIDE_FASTA",
      "uncompressedLengthBytes": "29807789"
    },
    {
      "filePath": "GCA_949152365.1/genomic.gff",
      "fileType": "GFF3",
      "uncompressedLengthBytes": "7422002"
    }
  ]
},{
  "accession": "GCF_000003085.2",
  "files": [
    {
      "filePath": "GCF_000003085.2/genomic.gbff",
      "fileType": "GENBANK_FLAT_FILE",
      "uncompressedLengthBytes": "63305607"
    },
    {
      "filePath": "GCF_000003085.2/GCF_000003085.2_ASM308v2_genomic.fna",
      "fileType": "GENOMIC_NUCLEOTIDE_FASTA",
      "uncompressedLengthBytes": "23948609"
    },
    {
      "filePath": "GCF_000003085.2/genomic.gff",
      "fileType": "GFF3",
      "uncompressedLengthBytes": "19302439"
    }
  ]
}]}
